method,num_cases,all_passed,max_absolute_error,mean_absolute_error,max_relative_error,mean_relative_error
central,3,True,1.2597478615816726e-10,5.3894444462798674e-11,2.4225920415032144e-10,9.270528331564002e-11
forward,3,True,1.404787397518703e-10,6.823008824596855e-11,2.7015142259975035e-10,1.127407158112123e-10
backward,3,True,1.404787397518703e-10,7.933231849222011e-11,2.7015142259975035e-10,1.1598132351436518e-10
