index,coefficient
0,-4.845193803179445
1,-0.019173247196188226
2,0.0002592830240100139
