{
  "method": "central",
  "h": 0.0001,
  "evaluation_time": 0.174306,
  "acceleration_signed": -9.690387606231532,
  "acceleration_magnitude": 9.690387606231532,
  "target_gravity_magnitude": 9.81,
  "magnitude_abs_error": 0.11961239376846855,
  "tolerance": 0.15,
  "pass": true,
  "poly_coefficients": [
    -4.845193803179445,
    -0.019173247196188226,
    0.0002592830240100139
  ],
  "source_time_data": [
    0.0,
    0.100764,
    0.141736,
    0.174306,
    0.201042,
    0.224583,
    0.247569
  ],
  "source_position_data": [
    0.0,
    -0.05,
    -0.1,
    -0.15,
    -0.2,
    -0.25,
    -0.3
  ]
}