{
  "absolute_error": 0.11961239363657405,
  "acceleration_magnitude": 9.690387606363426,
  "acceleration_signed": -9.690387606363426,
  "coefficients": [
    -4.845193803179445,
    -0.019173247196188226,
    0.0002592830240100139
  ],
  "evaluation_time": 0.174306,
  "passed": true,
  "position_data": [
    0.0,
    -0.05,
    -0.1,
    -0.15,
    -0.2,
    -0.25,
    -0.3
  ],
  "step_size": 0.001,
  "target_abs_gravity": 9.81,
  "time_data": [
    0.0,
    0.100764,
    0.141736,
    0.174306,
    0.201042,
    0.224583,
    0.247569
  ],
  "tolerance": 0.15
}