{
  "step_size": 1e-05,
  "evaluation_time": 0.174306,
  "estimated_accel_signed": -9.690387658967126,
  "estimated_accel_magnitude": 9.690387658967126,
  "target_gravity_magnitude": 9.81,
  "magnitude_abs_error": 0.11961234103287488,
  "tolerance": 0.15,
  "passed": true,
  "position_data": [
    0.0,
    -0.05,
    -0.1,
    -0.15,
    -0.2,
    -0.25,
    -0.3
  ],
  "time_data": [
    0.0,
    0.100764,
    0.141736,
    0.174306,
    0.201042,
    0.224583,
    0.247569
  ],
  "poly_coefficients": [
    -4.845193803179445,
    -0.019173247196188226,
    0.0002592830240100139
  ]
}