case_name,display_name,method,a,b,n,h,exact,approx,abs_error
pi_integral,"Integral of 4/(1+x^2) on [0, 1]",trapezoidal,0.0,1.0,4,0.25,3.141592653589793,3.1311764705882354,0.010416183001557666
pi_integral,"Integral of 4/(1+x^2) on [0, 1]",trapezoidal,0.0,1.0,8,0.125,3.141592653589793,3.138988494491089,0.0026041590987042618
pi_integral,"Integral of 4/(1+x^2) on [0, 1]",trapezoidal,0.0,1.0,16,0.0625,3.141592653589793,3.140941612041389,0.0006510415484042298
pi_integral,"Integral of 4/(1+x^2) on [0, 1]",trapezoidal,0.0,1.0,32,0.03125,3.141592653589793,3.1414298931749745,0.00016276041481866343
pi_integral,"Integral of 4/(1+x^2) on [0, 1]",trapezoidal,0.0,1.0,64,0.015625,3.141592653589793,3.141551963485655,4.069010413809693e-05
pi_integral,"Integral of 4/(1+x^2) on [0, 1]",trapezoidal,0.0,1.0,128,0.0078125,3.141592653589793,3.1415824810637516,1.0172526041518637e-05
pi_integral,"Integral of 4/(1+x^2) on [0, 1]",trapezoidal,0.0,1.0,256,0.00390625,3.141592653589793,3.141590110458283,2.543131510268637e-06
