case_name,display_name,method,a,b,n,h,exact,approx,abs_error
pi_integral,"Integral of 4/(1+x^2) on [0, 1]",simpson,0.0,1.0,4,0.25,3.141592653589793,3.14156862745098,2.4026138813137976e-05
pi_integral,"Integral of 4/(1+x^2) on [0, 1]",simpson,0.0,1.0,8,0.125,3.141592653589793,3.141592502458707,1.5113108631226169e-07
pi_integral,"Integral of 4/(1+x^2) on [0, 1]",simpson,0.0,1.0,16,0.0625,3.141592653589793,3.141592651224822,2.364971329882337e-09
pi_integral,"Integral of 4/(1+x^2) on [0, 1]",simpson,0.0,1.0,32,0.03125,3.141592653589793,3.1415926535528365,3.695665995451236e-11
pi_integral,"Integral of 4/(1+x^2) on [0, 1]",simpson,0.0,1.0,64,0.015625,3.141592653589793,3.141592653589216,5.773159728050814e-13
pi_integral,"Integral of 4/(1+x^2) on [0, 1]",simpson,0.0,1.0,128,0.0078125,3.141592653589793,3.1415926535897842,8.881784197001252e-15
pi_integral,"Integral of 4/(1+x^2) on [0, 1]",simpson,0.0,1.0,256,0.00390625,3.141592653589793,3.141592653589793,0.0
