method,case_name,min_abs_error,max_abs_error,final_n,final_abs_error,observed_order
trapezoidal,exp,2.1849077749269696e-06,0.008940076098471472,256,2.1849077749269696e-06,1.999809310668038
trapezoidal,pi_integrand,2.543131510268637e-06,0.010416183001557666,256,2.543131510268637e-06,1.9999925138691284
trapezoidal,sine,2.509976494757815e-05,0.1038811020629602,256,2.509976494757815e-05,2.0018996325032523
trapezoidal,x_squared,2.5431315104351704e-06,0.010416666666666685,256,2.5431315104351704e-06,1.9999999999986675
