method,case_name,min_abs_error,max_abs_error,final_n,final_abs_error,observed_order
simpson,exp,2.2222224060897133e-12,3.7013462701906974e-05,256,2.2222224060897133e-12,3.9986659474020887
simpson,pi_integrand,0.0,2.4026138813137976e-05,256,0.0,6.190258552593436
simpson,sine,2.520024189323067e-10,0.0045597549844207386,256,2.520024189323067e-10,4.013800203992324
simpson,x_squared,0.0,0.0,256,0.0,inf
