method,case_name,n_min,n_max,final_abs_error,min_abs_error,observed_order,order_pass
trapezoidal,poly_x_squared,4,256,2.5431315104351704e-06,2.5431315104351704e-06,1.9999999999986675,True
trapezoidal,sin_x,4,256,2.509976494757815e-05,2.509976494757815e-05,2.0018996325032523,True
trapezoidal,exp_x,4,256,2.1849077749269696e-06,2.1849077749269696e-06,1.999809310668038,True
trapezoidal,four_over_one_plus_x2,4,256,2.543131510268637e-06,2.543131510268637e-06,1.9999925138691284,True
