case_name,case_display,method,x,h,exact,approx,abs_error,rel_error,tolerance,passed
sine_at_pi_over_4,sin(x) at x = π/4,central,0.7853981633974483,1e-05,0.7071067811865476,0.7071067811725839,1.3963719069920444e-11,1.974768088984931e-11,1e-09,True
sine_at_pi_over_4,sin(x) at x = π/4,forward,0.7853981633974483,1e-05,0.7071067811865476,0.7071067812169928,3.044520191508582e-11,4.3056017457501686e-11,1e-09,True
sine_at_pi_over_4,sin(x) at x = π/4,backward,0.7853981633974483,1e-05,0.7071067811865476,0.7071067811947883,8.240741422582687e-12,1.1654168283826188e-11,1e-09,True
exp_at_0p3,exp(x) at x = 0.3,central,0.3,1e-05,1.3498588075760032,1.349858807597748,2.1744828160308316e-11,1.610896490674932e-11,1e-09,True
exp_at_0p3,exp(x) at x = 0.3,forward,0.3,1e-05,1.3498588075760032,1.3498588075422369,3.376632307094951e-11,2.5014707376384856e-11,1e-09,True
exp_at_0p3,exp(x) at x = 0.3,backward,0.3,1e-05,1.3498588075760032,1.3498588074867257,8.927747430220734e-11,6.613837965951903e-11,1e-09,True
poly_at_1p2,x³ − 2x² + x − 5 at x = 1.2,central,1.2,1e-05,0.5200000000000005,0.5200000001259752,1.2597478615816726e-10,2.4225920415032144e-10,1e-08,True
poly_at_1p2,x³ − 2x² + x − 5 at x = 1.2,forward,1.2,1e-05,0.5200000000000005,0.5199999998595217,1.404787397518703e-10,2.7015142259975035e-10,1e-08,True
poly_at_1p2,x³ − 2x² + x − 5 at x = 1.2,backward,1.2,1e-05,0.5200000000000005,0.5199999998595217,1.404787397518703e-10,2.7015142259975035e-10,1e-08,True
